Workbook

Sheet 개발일정표
A1: 사내톡 개발일정표
A2: 팀 다같이채팅 (박은정·반재영·장선화) · 작성일 2026-11-02 · 기준: git 커밋 이력(60개)과 docs/TESTING.md
A3: 파란 글자 = 직접 입력하는 값(담당·날짜·진척률). 검정 글자 = 자동 계산(기간·상태). 노란 칸 = 제안 일정이므로 팀 일정에 맞게 수정하세요. 완료된 작업의 날짜는 커밋 날짜 기준이고, 하루에 여러 기능이 한꺼번에 커밋된 경우 시작일은 앞 단계 종료일 이후로 잡았습니다.
A5: No | B5: 단계 | C5: 작업 | D5: 관련 요구사항 | E5: 담당 | F5: 시작일 | G5: 종료일 | H5: 기간(일) | I5: 진척률 | J5: 상태 | K5: 근거·산출물
A6: 1 | B6: 1. 기획·설계 | C6: 요구사항 분석 및 프로젝트 구조 설계 | D6: 요구사항 전체 | E6: 반재영 | F6: 46322 | G6: 46322 | H6: =G6-F6+1 -> 1 | I6: 1 | J6: =IF(I6>=1,"완료",IF(I6>0,"진행 중","예정")) -> 완료 | K6: 요구사항 분석서 v1.0 (2026-10-27)
A7: 2 | B7: 1. 기획·설계 | C7: 솔루션·Git 저장소·CI 초안 준비 | D7: OP-05 | E7: 반재영 | F7: 46322 | G7: 46322 | H7: =G7-F7+1 -> 1 | I7: 1 | J7: =IF(I7>=1,"완료",IF(I7>0,"진행 중","예정")) -> 완료 | K7: 커밋 3개 (.gitattributes, 초기 커밋, dotnet-desktop.yml)
A8: 3 | B8: 1. 기획·설계 | C8: 패킷 정의·직렬화·통신 프로토콜 설계 | D8: NF-07, NF-11 | E8: 반재영 | F8: 46322 | G8: 46323 | H8: =G8-F8+1 -> 2 | I8: 1 | J8: =IF(I8>=1,"완료",IF(I8>0,"진행 중","예정")) -> 완료 | K8: ChatApp.Common (길이 헤더 + JSON)
A9: 4 | B9: 2. 핵심 통신·서버 | C9: 멀티스레드 서버 (Accept·세션·송신 스레드, 로그) | D9: SV-01~04 | E9: 반재영 | F9: 46322 | G9: 46323 | H9: =G9-F9+1 -> 2 | I9: 1 | J9: =IF(I9>=1,"완료",IF(I9>0,"진행 중","예정")) -> 완료 | K9: ChatApp.Server. 10/28 대량 커밋에 포함
A10: 5 | B10: 2. 핵심 통신·서버 | C10: 하트비트·세션 관리·예외 격리 | D10: SV-03, NF-05, NF-08 | E10: 반재영 | F10: 46322 | G10: 46323 | H10: =G10-F10+1 -> 2 | I10: 1 | J10: =IF(I10>=1,"완료",IF(I10>0,"진행 중","예정")) -> 완료 | K10: Ping 15초 / 무응답 45초
A11: 6 | B11: 3. 클라이언트·회원·파일 | C11: WinForms 클라이언트 (로그인·메인 창·대화창) | D11: CL-01~02, CH-01~04 | E11: 반재영 | F11: 46322 | G11: 46323 | H11: =G11-F11+1 -> 2 | I11: 1 | J11: =IF(I11>=1,"완료",IF(I11>0,"진행 중","예정")) -> 완료 | K11: ChatApp.Client
A12: 7 | B12: 3. 클라이언트·회원·파일 | C12: 회원가입·로그인 (MariaDB·해시·5회 잠금·이메일 도메인) | D12: AU-01~03, SC-02 | E12: 반재영 | F12: 46322 | G12: 46323 | H12: =G12-F12+1 -> 2 | I12: 1 | J12: =IF(I12>=1,"완료",IF(I12>0,"진행 중","예정")) -> 완료 | K12: AuthService, db/schema.sql
A13: 8 | B13: 3. 클라이언트·회원·파일 | C13: 채팅방 (만들기·입장·퇴장)·대화 기록 저장 | D13: RM-01~03, CH-05 | E13: 반재영 | F13: 46322 | G13: 46323 | H13: =G13-F13+1 -> 2 | I13: 1 | J13: =IF(I13>=1,"완료",IF(I13>0,"진행 중","예정")) -> 완료 | K13: RoomService, DbWriter
A14: 9 | B14: 3. 클라이언트·회원·파일 | C14: 파일 전송 (256KB 조각·진행률·3GB) | D14: FT-01~03 | E14: 반재영 | F14: 46322 | G14: 46323 | H14: =G14-F14+1 -> 2 | I14: 1 | J14: =IF(I14>=1,"완료",IF(I14>0,"진행 중","예정")) -> 완료 | K14: FileService, FileTransferService
A15: 10 | B15: 4. 보안·관리자 | C15: TLS 암호화 (자체 서명 인증서·지문 고정) | D15: SC-01, NF-12 | E15: 반재영 | F15: 46323 | G15: 46323 | H15: =G15-F15+1 -> 1 | I15: 1 | J15: =IF(I15>=1,"완료",IF(I15>0,"진행 중","예정")) -> 완료 | K15: 10/28 커밋 '… TLS 암호화 …'
A16: 11 | B16: 4. 보안·관리자 | C16: 관리자 기능·감사 로그 | D16: AD-01~08 | E16: 반재영 | F16: 46323 | G16: 46323 | H16: =G16-F16+1 -> 1 | I16: 1 | J16: =IF(I16>=1,"완료",IF(I16>0,"진행 중","예정")) -> 완료 | K16: AdminService, audit_logs. 시나리오 32개 통과
A17: 12 | B17: 4. 보안·관리자 | C17: CI 빌드 (GitHub Actions) 수정 | D17: OP-05 | E17: 반재영 | F17: 46323 | G17: 46323 | H17: =G17-F17+1 -> 1 | I17: 1 | J17: =IF(I17>=1,"완료",IF(I17>0,"진행 중","예정")) -> 완료 | K17: 템플릿 워크플로 삭제 후 .NET 10 빌드로 교체
... A46: 41 | B46: 9. 마무리 (제안 일정) | C46: 최종 점검·제출 | D46: — | E46: 미정 | F46: 46332 | G46: 46332 | H46: =G46-F46+1 -> 1 | I46: 0 | J46: =IF(I46>=1,"완료",IF(I46>0,"진행 중","예정")) -> 예정 | K46: 문서 3종·소스·설치 파일 확인 — 제안 일정
C48: ※ 담당은 git 커밋 작성자(반재영) 기준입니다. 박은정·장선화 담당 항목은 팀에서 직접 수정하세요.

Sheet 간트차트
A1: 사내톡 간트차트
A2: 개발일정표 시트의 날짜·진척률을 고치면 자동으로 바뀝니다. 초록 = 완료, 주황 = 진행 중, 회색 = 예정, 빨간 머리 = 오늘
A4: No | B4: 작업 | C4: 시작 | D4: 종료 | E4: 상태 | F4: 46322 | G4: =F4+1 -> 46323 | H4: =G4+1 -> 46324 | I4: =H4+1 -> 46325 | J4: =I4+1 -> 46326 | K4: =J4+1 -> 46327 | L4: =K4+1 -> 46328 | M4: =L4+1 -> 46329 | N4: =M4+1 -> 46330 | ... S4: =R4+1 -> 46335
A5: ='개발일정표'!A6 -> 1 | B5: ='개발일정표'!C6 -> 요구사항 분석 및 프로젝트 구조 설계 | C5: ='개발일정표'!F6 -> 46322 | D5: ='개발일정표'!G6 -> 46322 | E5: ='개발일정표'!J6 -> 완료 | F5: =IF(AND(F$4>=$C5,F$4<=$D5),1,"") -> 1 | G5: =IF(AND(G$4>=$C5,G$4<=$D5),1,"") | H5: =IF(AND(H$4>=$C5,H$4<=$D5),1,"") | I5: =IF(AND(I$4>=$C5,I$4<=$D5),1,"") | J5: =IF(AND(J$4>=$C5,J$4<=$D5),1,"") | K5: =IF(AND(K$4>=$C5,K$4<=$D5),1,"") | L5: =IF(AND(L$4>=$C5,L$4<=$D5),1,"") | M5: =IF(AND(M$4>=$C5,M$4<=$D5),1,"") | ... S5: =IF(AND(S$4>=$C5,S$4<=$D5),1,"")
A6: ='개발일정표'!A7 -> 2 | B6: ='개발일정표'!C7 -> 솔루션·Git 저장소·CI 초안 준비 | C6: ='개발일정표'!F7 -> 46322 | D6: ='개발일정표'!G7 -> 46322 | E6: ='개발일정표'!J7 -> 완료 | F6: =IF(AND(F$4>=$C6,F$4<=$D6),1,"") -> 1 | G6: =IF(AND(G$4>=$C6,G$4<=$D6),1,"") | H6: =IF(AND(H$4>=$C6,H$4<=$D6),1,"") | I6: =IF(AND(I$4>=$C6,I$4<=$D6),1,"") | J6: =IF(AND(J$4>=$C6,J$4<=$D6),1,"") | K6: =IF(AND(K$4>=$C6,K$4<=$D6),1,"") | L6: =IF(AND(L$4>=$C6,L$4<=$D6),1,"") | M6: =IF(AND(M$4>=$C6,M$4<=$D6),1,"") | ... S6: =IF(AND(S$4>=$C6,S$4<=$D6),1,"")
A7: ='개발일정표'!A8 -> 3 | B7: ='개발일정표'!C8 -> 패킷 정의·직렬화·통신 프로토콜 설계 | C7: ='개발일정표'!F8 -> 46322 | D7: ='개발일정표'!G8 -> 46323 | E7: ='개발일정표'!J8 -> 완료 | F7: =IF(AND(F$4>=$C7,F$4<=$D7),1,"") -> 1 | G7: =IF(AND(G$4>=$C7,G$4<=$D7),1,"") -> 1 | H7: =IF(AND(H$4>=$C7,H$4<=$D7),1,"") | I7: =IF(AND(I$4>=$C7,I$4<=$D7),1,"") | J7: =IF(AND(J$4>=$C7,J$4<=$D7),1,"") | K7: =IF(AND(K$4>=$C7,K$4<=$D7),1,"") | L7: =IF(AND(L$4>=$C7,L$4<=$D7),1,"") | M7: =IF(AND(M$4>=$C7,M$4<=$D7),1,"") | ... S7: =IF(AND(S$4>=$C7,S$4<=$D7),1,"")
A8: ='개발일정표'!A9 -> 4 | B8: ='개발일정표'!C9 -> 멀티스레드 서버 (Accept·세션·송신 스레드, 로그) | C8: ='개발일정표'!F9 -> 46322 | D8: ='개발일정표'!G9 -> 46323 | E8: ='개발일정표'!J9 -> 완료 | F8: =IF(AND(F$4>=$C8,F$4<=$D8),1,"") -> 1 | G8: =IF(AND(G$4>=$C8,G$4<=$D8),1,"") -> 1 | H8: =IF(AND(H$4>=$C8,H$4<=$D8),1,"") | I8: =IF(AND(I$4>=$C8,I$4<=$D8),1,"") | J8: =IF(AND(J$4>=$C8,J$4<=$D8),1,"") | K8: =IF(AND(K$4>=$C8,K$4<=$D8),1,"") | L8: =IF(AND(L$4>=$C8,L$4<=$D8),1,"") | M8: =IF(AND(M$4>=$C8,M$4<=$D8),1,"") | ... S8: =IF(AND(S$4>=$C8,S$4<=$D8),1,"")
A9: ='개발일정표'!A10 -> 5 | B9: ='개발일정표'!C10 -> 하트비트·세션 관리·예외 격리 | C9: ='개발일정표'!F10 -> 46322 | D9: ='개발일정표'!G10 -> 46323 | E9: ='개발일정표'!J10 -> 완료 | F9: =IF(AND(F$4>=$C9,F$4<=$D9),1,"") -> 1 | G9: =IF(AND(G$4>=$C9,G$4<=$D9),1,"") -> 1 | H9: =IF(AND(H$4>=$C9,H$4<=$D9),1,"") | I9: =IF(AND(I$4>=$C9,I$4<=$D9),1,"") | J9: =IF(AND(J$4>=$C9,J$4<=$D9),1,"") | K9: =IF(AND(K$4>=$C9,K$4<=$D9),1,"") | L9: =IF(AND(L$4>=$C9,L$4<=$D9),1,"") | M9: =IF(AND(M$4>=$C9,M$4<=$D9),1,"") | ... S9: =IF(AND(S$4>=$C9,S$4<=$D9),1,"")
A10: ='개발일정표'!A11 -> 6 | B10: ='개발일정표'!C11 -> WinForms 클라이언트 (로그인·메인 창·대화창) | C10: ='개발일정표'!F11 -> 46322 | D10: ='개발일정표'!G11 -> 46323 | E10: ='개발일정표'!J11 -> 완료 | F10: =IF(AND(F$4>=$C10,F$4<=$D10),1,"") -> 1 | G10: =IF(AND(G$4>=$C10,G$4<=$D10),1,"") -> 1 | H10: =IF(AND(H$4>=$C10,H$4<=$D10),1,"") | I10: =IF(AND(I$4>=$C10,I$4<=$D10),1,"") | J10: =IF(AND(J$4>=$C10,J$4<=$D10),1,"") | K10: =IF(AND(K$4>=$C10,K$4<=$D10),1,"") | L10: =IF(AND(L$4>=$C10,L$4<=$D10),1,"") | M10: =IF(AND(M$4>=$C10,M$4<=$D10),1,"") | ... S10: =IF(AND(S$4>=$C10,S$4<=$D10),1,"")
A11: ='개발일정표'!A12 -> 7 | B11: ='개발일정표'!C12 -> 회원가입·로그인 (MariaDB·해시·5회 잠금·이메일 도메인) | C11: ='개발일정표'!F12 -> 46322 | D11: ='개발일정표'!G12 -> 46323 | E11: ='개발일정표'!J12 -> 완료 | F11: =IF(AND(F$4>=$C11,F$4<=$D11),1,"") -> 1 | G11: =IF(AND(G$4>=$C11,G$4<=$D11),1,"") -> 1 | H11: =IF(AND(H$4>=$C11,H$4<=$D11),1,"") | I11: =IF(AND(I$4>=$C11,I$4<=$D11),1,"") | J11: =IF(AND(J$4>=$C11,J$4<=$D11),1,"") | K11: =IF(AND(K$4>=$C11,K$4<=$D11),1,"") | L11: =IF(AND(L$4>=$C11,L$4<=$D11),1,"") | M11: =IF(AND(M$4>=$C11,M$4<=$D11),1,"") | ... S11: =IF(AND(S$4>=$C11,S$4<=$D11),1,"")
A12: ='개발일정표'!A13 -> 8 | B12: ='개발일정표'!C13 -> 채팅방 (만들기·입장·퇴장)·대화 기록 저장 | C12: ='개발일정표'!F13 -> 46322 | D12: ='개발일정표'!G13 -> 46323 | E12: ='개발일정표'!J13 -> 완료 | F12: =IF(AND(F$4>=$C12,F$4<=$D12),1,"") -> 1 | G12: =IF(AND(G$4>=$C12,G$4<=$D12),1,"") -> 1 | H12: =IF(AND(H$4>=$C12,H$4<=$D12),1,"") | I12: =IF(AND(I$4>=$C12,I$4<=$D12),1,"") | J12: =IF(AND(J$4>=$C12,J$4<=$D12),1,"") | K12: =IF(AND(K$4>=$C12,K$4<=$D12),1,"") | L12: =IF(AND(L$4>=$C12,L$4<=$D12),1,"") | M12: =IF(AND(M$4>=$C12,M$4<=$D12),1,"") | ... S12: =IF(AND(S$4>=$C12,S$4<=$D12),1,"")
A13: ='개발일정표'!A14 -> 9 | B13: ='개발일정표'!C14 -> 파일 전송 (256KB 조각·진행률·3GB) | C13: ='개발일정표'!F14 -> 46322 | D13: ='개발일정표'!G14 -> 46323 | E13: ='개발일정표'!J14 -> 완료 | F13: =IF(AND(F$4>=$C13,F$4<=$D13),1,"") -> 1 | G13: =IF(AND(G$4>=$C13,G$4<=$D13),1,"") -> 1 | H13: =IF(AND(H$4>=$C13,H$4<=$D13),1,"") | I13: =IF(AND(I$4>=$C13,I$4<=$D13),1,"") | J13: =IF(AND(J$4>=$C13,J$4<=$D13),1,"") | K13: =IF(AND(K$4>=$C13,K$4<=$D13),1,"") | L13: =IF(AND(L$4>=$C13,L$4<=$D13),1,"") | M13: =IF(AND(M$4>=$C13,M$4<=$D13),1,"") | ... S13: =IF(AND(S$4>=$C13,S$4<=$D13),1,"")
A14: ='개발일정표'!A15 -> 10 | B14: ='개발일정표'!C15 -> TLS 암호화 (자체 서명 인증서·지문 고정) | C14: ='개발일정표'!F15 -> 46323 | D14: ='개발일정표'!G15 -> 46323 | E14: ='개발일정표'!J15 -> 완료 | F14: =IF(AND(F$4>=$C14,F$4<=$D14),1,"") | G14: =IF(AND(G$4>=$C14,G$4<=$D14),1,"") -> 1 | H14: =IF(AND(H$4>=$C14,H$4<=$D14),1,"") | I14: =IF(AND(I$4>=$C14,I$4<=$D14),1,"") | J14: =IF(AND(J$4>=$C14,J$4<=$D14),1,"") | K14: =IF(AND(K$4>=$C14,K$4<=$D14),1,"") | L14: =IF(AND(L$4>=$C14,L$4<=$D14),1,"") | M14: =IF(AND(M$4>=$C14,M$4<=$D14),1,"") | ... S14: =IF(AND(S$4>=$C14,S$4<=$D14),1,"")
A15: ='개발일정표'!A16 -> 11 | B15: ='개발일정표'!C16 -> 관리자 기능·감사 로그 | C15: ='개발일정표'!F16 -> 46323 | D15: ='개발일정표'!G16 -> 46323 | E15: ='개발일정표'!J16 -> 완료 | F15: =IF(AND(F$4>=$C15,F$4<=$D15),1,"") | G15: =IF(AND(G$4>=$C15,G$4<=$D15),1,"") -> 1 | H15: =IF(AND(H$4>=$C15,H$4<=$D15),1,"") | I15: =IF(AND(I$4>=$C15,I$4<=$D15),1,"") | J15: =IF(AND(J$4>=$C15,J$4<=$D15),1,"") | K15: =IF(AND(K$4>=$C15,K$4<=$D15),1,"") | L15: =IF(AND(L$4>=$C15,L$4<=$D15),1,"") | M15: =IF(AND(M$4>=$C15,M$4<=$D15),1,"") | ... S15: =IF(AND(S$4>=$C15,S$4<=$D15),1,"")
A16: ='개발일정표'!A17 -> 12 | B16: ='개발일정표'!C17 -> CI 빌드 (GitHub Actions) 수정 | C16: ='개발일정표'!F17 -> 46323 | D16: ='개발일정표'!G17 -> 46323 | E16: ='개발일정표'!J17 -> 완료 | F16: =IF(AND(F$4>=$C16,F$4<=$D16),1,"") | G16: =IF(AND(G$4>=$C16,G$4<=$D16),1,"") -> 1 | H16: =IF(AND(H$4>=$C16,H$4<=$D16),1,"") | I16: =IF(AND(I$4>=$C16,I$4<=$D16),1,"") | J16: =IF(AND(J$4>=$C16,J$4<=$D16),1,"") | K16: =IF(AND(K$4>=$C16,K$4<=$D16),1,"") | L16: =IF(AND(L$4>=$C16,L$4<=$D16),1,"") | M16: =IF(AND(M$4>=$C16,M$4<=$D16),1,"") | ... S16: =IF(AND(S$4>=$C16,S$4<=$D16),1,"")
... A45: ='개발일정표'!A46 -> 41 | B45: ='개발일정표'!C46 -> 최종 점검·제출 | C45: ='개발일정표'!F46 -> 46332 | D45: ='개발일정표'!G46 -> 46332 | E45: ='개발일정표'!J46 -> 예정 | F45: =IF(AND(F$4>=$C45,F$4<=$D45),1,"") | G45: =IF(AND(G$4>=$C45,G$4<=$D45),1,"") | H45: =IF(AND(H$4>=$C45,H$4<=$D45),1,"") | I45: =IF(AND(I$4>=$C45,I$4<=$D45),1,"") | J45: =IF(AND(J$4>=$C45,J$4<=$D45),1,"") | K45: =IF(AND(K$4>=$C45,K$4<=$D45),1,"") | L45: =IF(AND(L$4>=$C45,L$4<=$D45),1,"") | M45: =IF(AND(M$4>=$C45,M$4<=$D45),1,"") | ... S45: =IF(AND(S$4>=$C45,S$4<=$D45),1,"")

Sheet 요약
A1: 개발 진행 요약
A2: 모든 숫자는 개발일정표 시트에서 자동으로 계산됩니다.
A3: 진행 현황
A4: 전체 작업 수 | B4: =COUNTA('개발일정표'!$A$6:$A$46) -> 41
A5: 완료 | B5: =COUNTIF('개발일정표'!$J$6:$J$46,"완료") -> 34
A6: 진행 중 | B6: =COUNTIF('개발일정표'!$J$6:$J$46,"진행 중") -> 2
A7: 예정 | B7: =COUNTIF('개발일정표'!$J$6:$J$46,"예정") -> 5
A8: 완료율 (작업 수 기준) | B8: =B5/B4 -> 0.82926829
A9: 평균 진척률 | B9: =AVERAGE('개발일정표'!$I$6:$I$46) -> 0.85853659
A10: 시작일 | B10: =MIN('개발일정표'!$F$6:$F$46) -> 46322
A11: 마지막 종료일 | B11: =MAX('개발일정표'!$G$6:$G$46) -> 46332
A12: 전체 기간 (일) | B12: =B11-B10+1 -> 11
A14: 단계별 현황
A15: 단계 | B15: 작업 수 | C15: 완료 | D15: 평균 진척률
A16: 1. 기획·설계 | B16: =COUNTIF('개발일정표'!$B$6:$B$46,A16) -> 3 | C16: =COUNTIFS('개발일정표'!$B$6:$B$46,A16,'개발일정표'!$J$6:$J$46,"완료") -> 3 | D16: =AVERAGEIF('개발일정표'!$B$6:$B$46,A16,'개발일정표'!$I$6:$I$46) -> 1
A17: 2. 핵심 통신·서버 | B17: =COUNTIF('개발일정표'!$B$6:$B$46,A17) -> 2 | C17: =COUNTIFS('개발일정표'!$B$6:$B$46,A17,'개발일정표'!$J$6:$J$46,"완료") -> 2 | D17: =AVERAGEIF('개발일정표'!$B$6:$B$46,A17,'개발일정표'!$I$6:$I$46) -> 1
A18: 3. 클라이언트·회원·파일 | B18: =COUNTIF('개발일정표'!$B$6:$B$46,A18) -> 4 | C18: =COUNTIFS('개발일정표'!$B$6:$B$46,A18,'개발일정표'!$J$6:$J$46,"완료") -> 4 | D18: =AVERAGEIF('개발일정표'!$B$6:$B$46,A18,'개발일정표'!$I$6:$I$46) -> 1
A19: 4. 보안·관리자 | B19: =COUNTIF('개발일정표'!$B$6:$B$46,A19) -> 3 | C19: =COUNTIFS('개발일정표'!$B$6:$B$46,A19,'개발일정표'!$J$6:$J$46,"완료") -> 3 | D19: =AVERAGEIF('개발일정표'!$B$6:$B$46,A19,'개발일정표'!$I$6:$I$46) -> 1
A20: 5. 기능 확장 | B20: =COUNTIF('개발일정표'!$B$6:$B$46,A20) -> 12 | C20: =COUNTIFS('개발일정표'!$B$6:$B$46,A20,'개발일정표'!$J$6:$J$46,"완료") -> 12 | D20: =AVERAGEIF('개발일정표'!$B$6:$B$46,A20,'개발일정표'!$I$6:$I$46) -> 1
A21: 6. 테스트·문서화 | B21: =COUNTIF('개발일정표'!$B$6:$B$46,A21) -> 4 | C21: =COUNTIFS('개발일정표'!$B$6:$B$46,A21,'개발일정표'!$J$6:$J$46,"완료") -> 4 | D21: =AVERAGEIF('개발일정표'!$B$6:$B$46,A21,'개발일정표'!$I$6:$I$46) -> 1
A22: 7. 코드 정리 | B22: =COUNTIF('개발일정표'!$B$6:$B$46,A22) -> 3 | C22: =COUNTIFS('개발일정표'!$B$6:$B$46,A22,'개발일정표'!$J$6:$J$46,"완료") -> 3 | D22: =AVERAGEIF('개발일정표'!$B$6:$B$46,A22,'개발일정표'!$I$6:$I$46) -> 1
A23: 8. 보안 강화·문서 마무리 | B23: =COUNTIF('개발일정표'!$B$6:$B$46,A23) -> 5 | C23: =COUNTIFS('개발일정표'!$B$6:$B$46,A23,'개발일정표'!$J$6:$J$46,"완료") -> 3 | D23: =AVERAGEIF('개발일정표'!$B$6:$B$46,A23,'개발일정표'!$I$6:$I$46) -> 0.84
A24: 9. 마무리 (제안 일정) | B24: =COUNTIF('개발일정표'!$B$6:$B$46,A24) -> 5 | C24: =COUNTIFS('개발일정표'!$B$6:$B$46,A24,'개발일정표'!$J$6:$J$46,"완료") -> 0 | D24: =AVERAGEIF('개발일정표'!$B$6:$B$46,A24,'개발일정표'!$I$6:$I$46) -> 0
A27: 마일스톤
A28: 날짜 | B28: 마일스톤 | E28: 내용
A29: 46322 | B29: 설계 완료·저장소 시작 | E29: 요구사항 분석서 v1.0, 솔루션 구조, 패킷 정의
A30: 46323 | B30: 핵심 기능 완성 | E30: 서버·클라이언트·회원·채팅방·파일 전송·TLS·관리자 기능이 한 커밋에 반영
A31: 46324 | B31: 기능 확장·테스트 체계 완성 | E31: 메시지 기능, 친구·프로필, 통계, Windows 서비스, 자동 테스트 + 문서
A32: 46327 | B32: 문서화·정리 완료 | E32: 코드 주석, README, 라이선스
A33: 46328 | B33: 보안 강화·운영 설정 | E33: PBKDF2 60만 회, 서비스 테스트, 설정 파일 권한·환경 변수
A34: 46332 | B34: 최종 점검·제출 (제안) | E34: 팀 일정에 맞게 수정
A36: ※ 마일스톤 날짜(파란 글자)는 직접 입력한 값이며 git 커밋 날짜와 팀 일정에서 가져왔습니다.

Sheet 일별 커밋
A1: 일별 커밋 수 (git 이력)
A2: 출처: git log (chatting 브랜치, 2026-11-02 기준). 개발이 언제 집중됐는지 보여 주는 근거 자료입니다.
A4: 날짜 | B4: 커밋 수 | C4: 주요 작업
A5: 46322 | B5: 3 | C5: 프로젝트 시작: 초기 커밋, 저장소·CI 준비
A6: 46323 | B6: 5 | C6: WinForms 클라이언트·파일 전송·TLS·관리자·감사 로그 (대량 커밋), CI 수정
A7: 46324 | B7: 26 | C7: 기능 확장(방 정원·친구·프로필·통계·서비스), 테스트·문서 추가
A8: 46325 | B8: 4 | C8: 전체 파일 코드별 상세 주석
A9: 46327 | B9: 21 | C9: 초보자용 설명 주석 분리, README·LICENSE·DB 안내
A10: 46328 | B10: 1 | C10: 비밀번호 해시 강화, 서비스 테스트, 운영 설정 (작업 시점 기준)
A11: 합계 | B11: =SUM(B5:B10) -> 60 | C11: (작업 시점 기준. 이 문서를 만든 뒤 커밋이 더 늘어납니다)
